min_recall,equal_opportunity,accuracy,prediction_threshold,fairness_thresh
1.0,0.0,0.5044444444444445,0.24,0.5
1.0,0.0,0.5044444444444445,0.24,0.55
1.0,0.0,0.5044444444444445,0.24,0.6
1.0,0.0,0.5044444444444445,0.24,0.65
1.0,0.0,0.5044444444444445,0.24,0.7
1.0,0.0,0.5044444444444445,0.24,0.75
1.0,0.0,0.5044444444444445,0.24,0.8
1.0,0.0,0.5044444444444445,0.24,0.8500000000000001
1.0,0.0,0.5044444444444445,0.24,0.9
1.0,0.0,0.5044444444444445,0.2,0.95
1.0,0.0,0.5044444444444445,0.2,1.0
