min_recall,equal_opportunity,accuracy,dataset,iteration,method
0.6371681415929203,0.06759596660689844,0.8022965551672492,ham10000,0,ensemble
