min_recall,equal_opportunity,accuracy,dataset,iteration,method
0.6440677966101694,0.09236059936133634,0.817773339990015,ham10000,1,ensemble
