min_recall,equal_opportunity,accuracy,dataset,iteration,method
0.6283185840707964,0.1644542772861357,0.8122815776335497,ham10000,2,ensemble
